"Alskute Farm & Brewery AB",Gotland,Gotland,"sockerbruket, 622 54 Romakloster, Sverige",http://www.alskute.com/,"","","[""öl""]",0,1,0,,free,0
"Barlingbo Bryggeri AB",Gotland,Visby,"Artillerigatan 9, 621 38 Visby, Sverige",http://www.barlingbobryggeri.se/,"0498-10 53 50","","[""öl""]",0,1,0,,free,0
"Bondeblom Gårdsbutik",Gotland,Gotland,"BURS VIDRINGS 309, 623 49 Stånga, Sverige",http://bondeblom.se/,"","","[""annat""]",1,0,0,,free,0
"Bryggeriet Mat & Malt",Gotland,Visby,"Artillerigatan 9, 621 38 Visby, Sverige",http://www.bryggerietvisby.se/,"072-338 31 31","","[""öl""]",0,1,0,,free,0
"Burgsviks bryggeri",Gotland,Gotland,"Skolvägen 10, 623 35 Burgsvik, Sverige",https://www.burgsviksbryggeri.se/,"","","[""öl""]",0,1,0,,free,0
"Buters Gårdsbutik",Gotland,Gotland,"Buters Eko Eskelhem, Buters 422, 622 70 Gotlands Tofta, Sverige",http://buterseko.se/,"070-819 26 06","","[""annat""]",1,0,0,,free,0
"Bäntebingels gård",Gotland,Gotland,"GOTHEM BÄNTEBINGELS 830, 624 30 Slite, Sverige",https://bantebingelsgard.se/,"076-949 90 47","","[""annat""]",1,0,0,,free,0
"Bärgården Källunge AB",Gotland,Visby,"Källunge Burs 134, 621 79 Visby, Sverige",https://www.bargarden.se/,"070-240 77 25","","[""bär""]",1,0,0,,free,0
"Ejmunds Gård & Såg AB",Gotland,Gotland,"ROMA AJMUNDS 660, 622 54 Romakloster, Sverige",http://www.ejmunds.se/,"0498-507 81","","[""annat""]",1,0,0,,free,0
"Gandarve gård - Äggbod i Vänge",Gotland,Gotland,"VÄNGE GANDARVE 531, 622 36 Romakloster, Sverige",http://gandarvegard.se/,"","","[""ägg""]",1,0,0,,free,0
"Glästäde gård",Gotland,Gotland,"LÄRBRO GLÄSTÄDE 1010, 624 53 Lärbro, Sverige",http://glastadegard.se/,"070-882 68 21","","[""annat""]",1,0,0,,free,0
"Gotlands Bryggeri",Gotland,Visby,"S:t Hansgatan 47, 621 56 Visby, Sverige",https://gotlandsbryggeri.se/,"0498-21 77 73","","[""öl""]",0,1,0,,free,0
"Gotlands Delikatesser Gårdsbutik Pesto&Salmbär",Gotland,Visby,"VÄSKINDE KAUNGS 519, 622 75 Visby, Sverige",http://www.gotlandsdelikatesser.se/,"070-313 77 58","","[""bär""]",1,0,0,,free,0
"Granngården",Gotland,Visby,"Färjeleden 5, 621 58 Visby, Sverige",https://www.granngarden.se/butiker/visby,"","","[""annat""]",0,0,0,,free,0
"Graute gård - Får och Lammgård",Gotland,Gotland,"HEJNUM GRAUTE 310, 624 38 Tingstäde, Sverige",http://www.grautegard.se/,"070-471 29 99","","[""kött""]",1,0,0,,free,0
"Gullans Gård - Lammskinn och gårdsbutik - Gotland",Gotland,Gotland,"Hall Medebys 809, 624 56 Lärbro, Sverige",http://gullansgard.se/,"070-999 28 68","","[""kött""]",1,0,0,,free,0
"Gårdsservice",Gotland,Visby,"Visbyvägen 35, 622 54 Romakloster, Sverige",https://www.gardsservice.se/,"0498-28 71 60","","[""annat""]",1,0,0,,free,0
"Halfvede Musteri",Gotland,Gotland,"När Siglajvs 842, 623 48 Stånga, Sverige",http://halfvede.se/,"0498-23 00 00","","[""vin""]",1,0,0,,free,0
"Kaffestugan vid Bottarve Museigård",Gotland,Gotland,"623 31 Burgsvik, Sverige",http://www.bottarve.se/kaffestuga/,"","","[""annat""]",1,1,0,,free,0
"Kaprifole gårdsbutik",Gotland,Visby,"FOLE HAJDES 595, 621 75 Visby, Sverige",https://oxelgront.se/,"073-312 79 22","","[""annat""]",1,0,0,,free,0
"Kruse Gård",Gotland,Gotland,"Alva Lilla Kruse 613, 623 46 Hemse, Sverige",http://krusegard.se/,"070-548 09 21","","[""annat""]",1,0,0,,free,0
"Krusmyntagården Butik",Gotland,Visby,"Krusmyntavägen 4, 622 76 Visby, Sverige",https://krusmynta.se/,"0498-29 69 00","","[""annat""]",1,0,0,,free,0
"Kvie Trädgård",Gotland,Gotland,"LOJSTA KVIE 122, 623 59 Hemse, Sverige",https://swenavi.org/details/kvie-trdgrd-ChIJM7W,"0498-24 08 02","","[""grönsaker""]",1,0,0,,free,0
"Käbbe Gård Musteri",Gotland,Gotland,"EKSTA KÄBBE 621, 623 54 Klintehamn, Sverige",https://musterigotland.se/,"073-981 87 54","","[""vin""]",0,1,0,,free,0
"Lammboden Almungsgården",Gotland,Gotland,"Stånga Almungs 519, 623 60 Stånga, Sverige",http://www.lammboden.se/,"070-111 19 74","","[""kött""]",1,0,0,,free,0
"Långmyre Vineri - Vineriet",Gotland,Gotland,"Skolvägen 6-10, 623 35 Burgsvik, Sverige",http://www.langmyrevineri.com/,"070-497 76 82","","[""vin""]",0,1,0,,free,0
"Långmyre Vineri - Vingården",Gotland,Gotland,"HAMRA BERTELSMÄSSE 468, 623 32 Burgsvik, Sverige",http://www.langmyrevineri.se/,"","","[""vin""]",0,1,0,,free,0
"Margus Hemslöjd/ Gårdsbutik",Gotland,Gotland,"Hablingbo Stora Domerarve 879, 623 42 Havdhem, Sverige",http://www.margus.se/,"0498-48 71 60","","[""annat""]",1,0,0,,free,0
"Nyplings gårdsbutik",Gotland,Visby,"LOKRUME NYPLINGS 337, 621 74 Visby, Sverige",https://www.facebook.com/nyplingsgardsbutik,"073-393 99 33","","[""annat""]",1,0,0,,free,0
"Ollajvs Gård",Gotland,Gotland,"Alskog Ollajvs 510, 623 64 Ljugarn, Sverige",http://www.ollajvs.se/,"073-707 29 45","","[""annat""]",1,0,0,,free,0
"Ranarve Gårdshandel",Gotland,Gotland,"ÖJA RANARVE 183, 623 33 Burgsvik, Sverige",http://facebook.com/ranarvegardshandel,"070-493 15 02","","[""annat""]",1,0,0,,free,0
"Rommunds fårgård",Gotland,Gotland,"GAMMELGARN ROMMUNDS 612, 623 67 Katthammarsvik, Sverige",https://gotlandslamm.se/,"070-947 61 28","","[""annat""]",1,0,0,,free,0
"Röcklingers Handelsträdgård",Gotland,Gotland,"Angelbosvägen 37, 624 52 Lärbro, Sverige",https://rocklingers.se/,"0498-22 51 28","","[""grönsaker""]",1,0,0,,free,0
"Sallmunds Gård AB",Gotland,Gotland,"LEVIDE SALLMUNDS 497, 623 53 Hemse, Sverige",http://www.sallmundsgard.se/,"070-424 18 69","","[""annat""]",1,0,0,,free,0
"Skags Gård AB",Gotland,Gotland,"Östergarn Skags 277, 623 68 Katthammarsvik, Sverige",http://www.skags.se/,"0498-524 60","","[""grönsaker""]",0,0,0,,free,0
"Sojdungs Gård & Betong AB",Gotland,Visby,"FOLE SOJDUNGS 725, 621 75 Visby, Sverige",https://sojdungs.se/,"073-695 18 50","","[""grönsaker""]",0,0,0,,free,0
"Sorby Bi & Trädgård",Gotland,Gotland,"624 42 Tingstäde, Sverige",https://sv-se.facebook.com/SorbyBi/,"070-640 00 83","","[""grönsaker""]",1,0,0,,free,0
"Stafva Gårdsbutik",Gotland,Visby,"BARLINGBO STAVA 308, 621 78 Visby, Sverige",https://sjaustrukocken.se/pages/stafva-gardsbutik,"070-073 14 04","","[""annat""]",1,0,0,,free,0
"Stenhuse Gård",Gotland,Gotland,"SANDA STENHUSE 243, 623 79 Klintehamn, Sverige",http://www.stenhusegard.se/,"070-731 23 16","","[""annat""]",1,0,0,,free,0
"Stora Tollby Trädgård AB",Gotland,Visby,"FOLE STORA TOLLBY 630, 621 75 Visby, Sverige",https://storatollbygard.se/,"070-346 26 51","","[""grönsaker""]",1,0,0,,free,0
"Ungesmiss gårdsbutik",Gotland,Gotland,"STENKYRKA UNGESMISS 118, 624 42 Tingstäde, Sverige",https://sv-se.facebook.com/ungesmissgard/,"070-296 30 21","","[""annat""]",1,0,0,,free,0
"Widegrens Gård",Gotland,Gotland,"Atlingbo Lilla Björke 703, 622 40 Romakloster, Sverige",http://www.widegrens.se/,"0498-540 80","","[""grönsaker""]",0,0,0,,free,0
"Åminne honung och jästeri",Gotland,Gotland,"GOTHEM HINSER 180, 624 30 Slite, Sverige",https://aminnehonung.se/,"","","[""honung""]",1,0,0,,free,0
"Annas Gårdsbutik och Mejeri",Kalmar,"Vassmolösa","Småskolevägen 8, 388 94 Vassmolösa, Sverige",http://www.annaslantdrommar.se/,"070-533 73 93","","[""mejeri""]",1,0,0,,free,0
"Arla Kalmar Mejeri - Ostlager",Kalmar,Kalmar,"Torsåsgatan 2, 392 39 Kalmar, Sverige",https://www.arla.se/om-arla/mejerier/kalmar-mejeri/,"0480-596 00","","[""mejeri""]",0,0,0,,free,0
"Germundslycke Gård",Kalmar,Halltorp,"Germundslycke, 388 97 Halltorp, Sverige",https://www.facebook.com/Germundslycke,"073-644 09 17","","[""annat""]",0,0,0,,free,0
"Hagalundstomater AB Gårdsbutik Tomat & Sånt",Kalmar,Ljungbyholm,"Ölvingstorp 911, 388 92 Ljungbyholm, Sverige",http://www.hagalundstomater.se/,"070-393 10 29","","[""annat""]",1,0,0,,free,0
"Hossmo gård – Bröllop och Festlokal vid Kalmar",Kalmar,Hossmo,"Hossmo Gård 140, 388 92 Hossmo, Sverige",https://www.hossmogard.se/,"070-779 73 34","","[""annat""]",0,0,0,,free,0
"Kalmar Musteri",Kalmar,Kalmar,"Krafslösavägen 8A, 395 90 Kalmar, Sverige",http://www.kalmarmusteri.se/,"076-686 18 64","","[""vin""]",0,1,0,,free,0
"Kläckeberga Gård",Kalmar,Kalmar,"Krafslösavägen 25, 395 90 Kalmar, Sverige",https://www.klackeberga.se/,"070-816 55 91","","[""annat""]",1,1,0,,free,0
Kvarnholmsbryggeriet,Kalmar,Kalmar,"Frejagatan 1, 392 33 Kalmar, Sverige",http://kvarnholmsbryggeriet.se/,"","","[""öl""]",0,1,0,,free,0
"Mittlandsgården",Kalmar,"Färjestaden","Törnbottenvägen 68 B, 386 90 Färjestaden, Sverige",http://www.mittlandsgarden.se/,"073-708 86 32","","[""mejeri""]",0,0,0,,free,0
"Nöbble Gård AB",Kalmar,Rockneby,"Nöbble Gård 110, 395 93 Rockneby, Sverige",http://nobblegard.se/,"070-654 37 81","","[""annat""]",0,0,0,,free,0
"Restaurang & Kafé Ångkvarnen",Kalmar,Kalmar,"Skeppsbrogatan 51, 391 21 Kalmar, Sverige",https://kalmarlansmuseum.se/restaurang/,"0480-45 13 60","","[""annat""]",1,1,0,,free,0
"Rugstorps Lantgård Cafe & Butik",Kalmar,Rockneby,"Rugstorps Gård 115, 395 92 Rockneby, Sverige",http://rugstorp.com/,"070-665 31 31","","[""annat""]",1,1,0,,free,0
"Skälby 4H-gård",Kalmar,Kalmar,"Skälbyallén 5, 392 52 Kalmar, Sverige",https://www.4h.se/skalby/,"","","[""annat""]",1,1,0,,free,0
"Solmarka Gårdsbutik",Kalmar,"Vassmolösa","Arbygatan, 388 94 Vassmolösa, Sverige",http://www.solmarka.se/,"","","[""annat""]",1,1,0,,free,0
"Voxtorpsgården AB",Kalmar,Ljungbyholm,"Voxtorp 411, 388 96 Ljungbyholm, Sverige",http://www.voxtorpsgarden.se/,"070-330 55 49","","[""annat""]",0,0,0,,free,0
"Västersläts Gårdsbutik",Kalmar,Kalmar,"Kläckebergavägen 141, 395 90 Kalmar, Sverige",http://vasterslat.se/,"0480-47 80 83","","[""annat""]",1,0,0,,free,0
"Wirbladhs Gårdshandel Smedby",Kalmar,Kalmar,"Ljungbyvägen 1, 394 70 Kalmar, Sverige",http://wirbladhs.se/,"0480-47 12 43","","[""annat""]",1,0,0,,free,0
"Ängsbackens Handelsträdgård",Kalmar,Kalmar,"Förlösa 517, 395 90 Kalmar, Sverige",http://www.angsbacken.se/,"070-574 48 47","","[""grönsaker""]",1,1,0,,free,0
"Ölands köksmejeri",Kalmar,"Mörbylånga","Alby 121, 380 62 Mörbylånga, Sverige",http://www.olandskoksmejeri.se/,"","","[""mejeri""]",0,0,0,,free,0
"Aftonmora Friesians & Vingård","Skåne",Jonstorp,"Gamla Södåkravägen 306, 263 92 Jonstorp, Sverige",http://www.aftonmora.se/,"076-213 58 00","","[""vin""]",0,1,0,,free,0
"Angelikas Gård","Skåne","Brösarp","Norra Björstorp 2801, 273 55 Brösarp, Sverige",https://angelikasgard.se/,"073-596 78 79","","[""annat""]",1,0,0,,free,0
"Annedals Gård","Skåne",Vellinge,"Stävievägen 90, 235 91 Vellinge, Sverige",http://www.annedalsgard.se/,"070-842 34 90","","[""annat""]",1,0,0,,free,0
"Backagården Café, Vin & Bistro på Österlen","Skåne","Löderup","Östra Kustvägen 987, 271 77 Löderup, Sverige",http://www.backagarden.com/,"0411-52 61 12","","[""vin""]",1,1,0,,free,0
"Backgården i Raus","Skåne",Helsingborg,"Raus Backgården 1, 253 62 Helsingborg, Sverige",http://www.backgarden.nu/,"070-201 59 79","","[""annat""]",1,0,0,,free,0
"Bjärhus Gårdsbutik","Skåne",Klippan,"Bjärhus 7742, 264 93 Klippan, Sverige",http://bjarhusgardsbutik.se/,"0435-102 95","","[""annat""]",1,0,0,,free,0
"Bokeslundsgården","Skåne","Hörby","Norrto 3217, 242 93 Hörby, Sverige",https://bokeslundsgarden.wordpress.com/,"070-456 48 09","","[""annat""]",1,0,0,,free,0
"Bondens Skafferi AB","Skåne","Åhus","Koriandervägen 5, 296 41 Åhus, Sverige",http://www.bondensskafferi.se/,"044-970 97","","[""annat""]",0,0,0,,free,0
"Bondmorans Lanthandel - Eko & Gårdsbutik","Skåne",Tollarp,"Linderödsvägen 150, 298 91 Tollarp, Sverige",http://www.bondmoranslanthandel.se/,"076-137 81 73","","[""annat""]",1,0,0,,free,0
"Bonnarps Hjortgård & Veterinär","Skåne",Ljungbyhed,"Bonnarp 664, 264 53 Ljungbyhed, Sverige",http://www.bonnarpshjort.se/,"0435-182 86","","[""annat""]",1,0,0,,free,0
"Bosjökloster Trädgårdscaféet - en del av Bosjökloster Slott","Skåne","Höör","Bosjökloster 110, 243 95 Höör, Sverige",https://mymenuweb.com/int/restaurants/2332600/?utm_source=google_profile&utm_medium=google_profile&utm_campaign=admin,"","","[""grönsaker""]",1,1,0,,free,0
"Bryggeri 1766","Skåne","Hörby","Fulltofta 4138, 242 94 Hörby, Sverige",http://fulltofta.com/,"070-481 05 10","","[""öl""]",0,1,0,,free,0
"Bärby självplock","Skåne","Säve","Bärby Herrgårdsväg 10, 423 73 Säve, Sverige",https://www.facebook.com/plocken/,"","","[""grönsaker"",""bär""]",1,0,0,,free,0
"Cehlin Vingård","Skåne",Kristianstad,"Torsebro byväg 66, 291 96 Kristianstad, Sverige",http://www.cehlinvingard.se/,"","","[""vin""]",0,1,0,,free,0
"Den Engelska Trädgården","Skåne",Kivik,"Svabesholms Kungsgård, 277 35 Kivik, Sverige",http://www.denengelskatradgarden.se/,"070-516 75 03","","[""grönsaker""]",1,0,0,,free,0
"Ebbessons gårdsmejeri & butik","Skåne","Båstad","Möllhultsvägen 122, 269 93 Båstad, Sverige",https://www.ebbessonsgardsmejeri.se/,"070-227 60 69","","[""mejeri""]",1,0,0,,free,0
"Ekebo gård","Skåne",Vellinge,"Gessie byaväg 6, 235 93 Vellinge, Sverige",http://ekebogard.se/kontakt/,"070-818 32 20","","[""annat""]",1,0,0,,free,0
"Ekesåkra Vingård Österlenvin","Skåne","Löderup","Hagestad Mossaväg 36, 271 77 Löderup, Sverige",http://www.osterlenvin.se/,"070-823 87 14","","[""vin""]",0,1,0,,free,0
"Eriksgården Spettkaksbageri","Skåne","Sjöbo","Hörrs byaväg 272, 275 92 Sjöbo, Sverige",https://www.eriksgarden.nu/spettkaksbageri/,"0416-141 18","","[""grönsaker"",""bakat""]",1,0,0,,free,0
"Flyinge Vingård","Skåne",Flyinge,"Flyinge 802, 247 93 Flyinge, Sverige",http://www.flyingevingard.com/,"","","[""vin""]",0,1,0,,free,0
"Flädergården/Pelargonhuset","Skåne","Vinslöv","Flädergården Vinslöv 1407, 288 90 Vinslöv, Sverige",http://www.fladergarden.se/,"070-548 16 90","","[""annat""]",1,0,0,,free,0
"Flädie Gårdsbutik","Skåne","Flädie","Flädie Norrevångsväg 2, 237 91 Flädie, Sverige",https://gardsbutiktoppen.se/05942165/G%C3%A5rdsbutik_Fl%C3%A4die_6,"","","[""annat""]",1,0,0,,free,0
"Friden Gårdskrog","Skåne",Kivik,"Kivik 267, 267, 277 35 Kivik, Sverige",http://www.friden.nu/,"0414-210 36","","[""annat""]",1,1,0,,free,0
"Fulltofta Gård AB","Skåne","Hörby","242 94 Hörby, Sverige",http://www.fulltofta.com/,"","","[""öl""]",0,1,0,,free,0
"Fulltofta Gårdsbryggeri AB","Skåne","Hörby","Nunnäs 4109, 242 94 Hörby, Sverige",https://www.fulltoftabryggeri.se/,"070-828 20 11","","[""öl""]",0,1,0,,free,0
"Gamla Bryggeriet","Skåne",Smedstorp,"Storgatan 23, 273 98 Smedstorp, Sverige",http://www.gamlabryggeriet.com/,"076-628 31 96","","[""öl""]",0,1,0,,free,0
"Gessie potatis Gårdsbutik","Skåne",Vellinge,"Gessievägen 143-22, 235 93 Vellinge, Sverige",https://gessiepotatis.se/,"070-914 19 40","","[""grönsaker""]",1,0,0,,free,0
"Glorias Äppelgård","Skåne",Lund,"Ladugårdsmarken 551, 225 91 Lund, Sverige",http://gloriasappelgard.se/,"070-513 32 11","","[""grönsaker""]",1,0,0,,free,0
"Gräsljunga Gårdsprodukter","Skåne",Visseltofta,"1405, 283 95 Visseltofta, Sverige",https://www.grasljunga.se/,"070-833 09 19","","[""annat""]",0,0,0,,free,0
"Grönalunds-För det goda på bordet Gårdsbutik","Skåne","Hästveda","Rävninge 2147, 282 76 Hästveda, Sverige",http://gronabi.se/,"070-211 24 64","","[""annat""]",1,0,0,,free,0
"Gunnarshögs Gård","Skåne","Hammenhög","Vallbyvägen 90, 276 56 Hammenhög, Sverige",http://www.gunnarshog.se/,"0414-320 03","","[""annat""]",1,0,0,,free,0
"Gunnebo Trädgård","Skåne",Skivarp,"Landsvägen 9, 274 51 Skivarp, Sverige",http://www.gunnebotradgard.com/,"0411-302 01","","[""grönsaker""]",0,0,0,,free,0
"Gårdsbutiken På Gröneröd","Skåne","Hörby","Köinge 6926, 242 92 Hörby, Sverige",https://gronerodgard.se/,"076-600 66 82","","[""annat""]",1,0,0,,free,0
"Gårdsbutiken Viby Potatis","Skåne",Kristianstad,"Viby kyrkväg 22, 291 51 Kristianstad, Sverige",http://www.vibypotatis.se/,"070-912 80 09","","[""grönsaker""]",1,0,0,,free,0
"Gårdsfisk","Skåne","Åhus","Södra Piggagatan, 296 33 Åhus, Sverige",http://gardsfisk.se/,"","","[""grönsaker"",""fisk""]",0,0,0,,free,0
"Gårdstånga Vägkrog","Skåne",Flyinge,"104, 247 47 Flyinge, Sverige",http://gardstangavagkrog.se/,"046-521 21","","[""annat""]",1,1,0,,free,0
"Göinge Fridhem Trädgårds Ab","Skåne","Önnestad","Fridhemsvägen 258, 291 93 Önnestad, Sverige",https://www.goingefridhemstradgard.se/,"070-828 75 26","","[""grönsaker""]",1,0,0,,free,0
"Hallongården","Skåne",Trelleborg,"Bodarpsvägen 144, 231 94 Trelleborg, Sverige",http://www.hallongarden.se/,"040-675 05 04","","[""grönsaker"",""bär""]",1,0,0,,free,0
"Hattmakarens Bryggeri","Skåne","Mörarp","Bjuvsleden 8, 253 56 Mörarp, Sverige",https://m.facebook.com/hattmakarensbryggeri/,"076-105 46 97","","[""öl""]",0,1,0,,free,0
"Helgagårdens Gårdsbutik & Ostbutik","Skåne",Blentarp,"Hemmestorpsvägen 21, 275 63 Blentarp, Sverige",http://www.islandshastarskane.se/,"070-575 07 73","","[""annat""]",1,0,0,,free,0
"Helsingborgs Bryggeri Aktiebolag","Skåne",Helsingborg,"Bredgatan 25, 252 25 Helsingborg, Sverige",http://www.helsingborgsbryggeri.se/,"042-453 08 80","","[""öl""]",0,1,0,,free,0
"Hobjersgården","Skåne",Tomelilla,"HOBJERSGÅRDEN, 273 94 Tomelilla, Sverige",http://www.hobjersgarden.se/,"","","[""vin""]",0,1,0,,free,0
"Holländarehusgårdens gårdsbutik","Skåne","Bjärred","Västervångsvägen 4, 237 41 Bjärred, Sverige",https://www.facebook.com/Holl%C3%A4ndarehusg%C3%A5rdens-G%C3%A5rdsbutik-819874784763706/,"","","[""annat""]",1,0,0,,free,0
"Hurva Gästgivaregård","Skåne",Hurva,"gästgivaregård, 241 94 Hurva, Sverige",http://www.hurvagastgivaregard.se/,"0413-315 15","","[""annat""]",1,1,0,,free,0
"Hyllie Bryggeri","Skåne","Malmö","Stormgatan 15, 211 20 Malmö, Sverige",http://hylliebryggeri.se/,"076-021 58 60","","[""öl""]",0,1,0,,free,0
"Hällåkra Vingård","Skåne","Anderslöv","Hällåkravägen 47, 231 72 Anderslöv, Sverige",http://www.hallakra.com/,"0410-280 00","","[""vin""]",0,1,0,,free,0
"Höganäs Bryggeri","Skåne","Höganäs","Bruksgatan 36, 263 39 Höganäs, Sverige",https://hoganasbryggeri.se/,"076-611 00 06","","[""öl""]",0,1,0,,free,0
"Hönsinge Hantwerksbryggeri","Skåne",Klagstorp,"Jordbergavägen 122-0, 231 99 Klagstorp, Sverige",http://www.honsinge.se/,"077-588 81 28","","[""öl""]",0,1,0,,free,0
"Kiviks Musteri","Skåne",Kivik,"Karakåsvägen 45, 277 35 Kivik, Sverige",http://www.kiviksmusteri.se/,"0414-719 00","","[""vin""]",0,1,0,,free,0
"Kiviks Musteri på Solnäs Gård","Skåne","Bjärred","Solnäs gård, Fjelievägen 112, 237 91 Bjärred, Sverige",http://www.kiviksmusteri.se/sv/besoek-oss/solnaes-gard/,"046-24 70 89","","[""vin"",""grönsaker""]",1,0,0,,free,0
"Kiviks Trädgård AB","Skåne","Bromölla","Nybromöllavägen 1, 277 35 Kivik, Sverige",http://www.kivikstradgard.se/,"0414-244 41","","[""grönsaker""]",1,0,0,,free,0
"Klackabacken Bryggeri","Skåne","Önnestad","Tegskiftesvägen 2, 291 73 Önnestad, Sverige",http://www.klackabacken.se/,"044-12 80 11","","[""öl""]",0,1,0,,free,0
"Kollinge Torpargård","Skåne","Kågeröd","2277 Kollinge, 260 23 Kågeröd, Sverige",https://kollingetorpargard.se/,"073-086 40 06","","[""grönsaker""]",0,0,0,,free,0
"Kornheddinge Bryggerikompani","Skåne",Staffanstorp,"Kornheddingevägen 7, 245 91 Staffanstorp, Sverige",http://www.kornheddingebryggerikompani.se/,"070-946 15 62","","[""öl""]",0,1,0,,free,0
"Kulla Gunnarstorp Gårdsbutik","Skåne",Domsten,"Domstensvägen 49, 255 91 Domsten, Sverige",https://kullagardsbutik.se/,"042-943 46","","[""annat""]",1,0,0,,free,0
"Kullabergs Vingård","Skåne","Nyhamnsläge","Lyckerisvägen 52, 263 76 Nyhamnsläge, Sverige",http://www.kullabergs.se/,"042-444 21 00","","[""vin""]",0,1,0,,free,0
"Kullabygdens Musteri AB","Skåne","Mjöhult","Mjöhultsvägen 354, 263 93 Mjöhult, Sverige",http://www.kullamust.se/,"042-651 00","","[""vin""]",0,1,0,,free,0
"Kungsgårdens Musteri","Skåne","Eslöv","Remmarlövs Gård, 241 92 Eslöv, Sverige",https://www.facebook.com/Kungsg%C3%A5rdens-musteri-110591234687812/,"070-291 93 40","","[""vin""]",0,1,0,,free,0
"Källunda Gård","Skåne","Sösdala","Västra HÄGLINGE 2124, 282 73 Sösdala, Sverige",http://www.kallunda.se/,"070-872 54 40","","[""annat""]",1,0,0,,free,0
"Kävlinge Bryggeri AB","Skåne","Kävlinge","Besöksadress: Kvarngatan 70 Postadress: Kvarngatan 32B, 24431, Kvarngatan 70, 244 32 Kävlinge, Sverige",http://kavlingebryggeri.se/,"070-545 61 53","","[""öl""]",0,1,0,,free,0
"Köpingsbergs vingård","Skåne","Köpingebro","Köpingsbergsvägen 183, 271 73 Köpingebro, Sverige",http://www.kopingsberg.se/,"070-146 71 17","","[""vin""]",0,1,0,,free,0
"Lackalänga Trädgård","Skåne",Lund,"Nyhemsvägen 82-32, 244 94 Furulund, Sverige",http://lackalangatradgard.se/,"046-71 05 45","","[""grönsaker""]",0,0,0,,free,0
"Lavelunds Gårdsbutik","Skåne","Köpingebro","Fallenbjärsvägen 129, 271 73 Köpingebro, Sverige",http://www.lavelund.se/,"070-547 47 64","","[""annat""]",1,0,0,,free,0
"Lillgårdens Bi och Trädgård","Skåne","Höör","Maglasäte Lillgården 506, 243 91 Höör, Sverige",http://www.lillgardens.com/,"070-362 90 41","","[""grönsaker""]",1,0,0,,free,0
"Ljungbyholms Vingård","Skåne","Förslöv","Ljungbyholmsvägen 231, 269 71 Förslöv, Sverige",http://ljungbyholmsvingard.se/,"079-304 43 47","","[""vin""]",0,1,0,,free,0
Lundabryggeriet,"Skåne","Torna-hällestad","Fridhillsvägen 2, 247 45 Torna-hällestad, Sverige",http://lundabryggeriet.se/,"070-838 00 95","","[""öl""]",0,1,0,,free,0
"Lundabryggeriets Ölkällare","Skåne",Lund,"Sankt Laurentiigatan 5 A, 222 21 Lund, Sverige",https://lundabryggeriet.se/olkallaren/,"046-644 00","","[""öl""]",0,1,0,,free,0
"Lundabygdens Musteri","Skåne","Södra Sandby","Vallebergs gård 741, 247 91 Södra Sandby, Sverige",http://www.lundabygdensmusteri.se/,"073-027 16 67","","[""vin""]",0,1,0,,free,0
"Majas Cottage Gårdsbutik & Bistro","Skåne",Vellinge,"Eskilstorps ängaväg 2-36, 235 91 Vellinge, Sverige",https://majascottage.com/,"040-36 50 10","","[""annat""]",1,0,0,,free,0
"Mossagårdens Ekologiska Odling & Gårdsbutik","Skåne",Lund,"Mossagården, 247 96 Lund, Sverige",http://www.mossagarden.se/,"046-855 44","","[""grönsaker""]",1,0,0,,free,0
"Möllegårdens Morötter AB","Skåne","Löddeköpinge","Vikhögsvägen 55, 246 31 Löddeköpinge, Sverige",http://mollegardens.se/,"","","[""grönsaker""]",1,0,0,,free,0
"Mölleholmen Gårdsbutik","Skåne","Åhus","Åvägen 62, 296 39 Åhus, Sverige",https://molleholmen.se/,"070-575 04 00","","[""annat""]",1,0,0,,free,0
"Möllers bryggeri","Skåne",Ystad,"Långgatan 20, 271 43 Ystad, Sverige",http://www.mollersbryggeri.se/,"0411-192 00","","[""öl""]",0,1,0,,free,0
"Nedanbäcks Gård AB","Skåne","Glimåkra","NEDANBÄCK 2065, 289 94 Glimåkra, Sverige",https://www.nedanback.se/,"070-229 24 77","","[""annat""]",1,1,0,,free,0
"Norregårdens Fågelfrö / Julgranar","Skåne",Dalby,"Sjöstorp 242, 247 94 Dalby, Sverige",https://norregarden.se/,"070-890 54 67","","[""grönsaker""]",1,0,0,,free,0
"Nyåkra köksträdgård","Skåne","Hörby","nyåkra 6840, 242 92 Hörby, Sverige",http://www.nyakratradgard.se/,"072-308 01 94","","[""grönsaker""]",1,0,0,,free,0
"Ottarps Torp Gårdsbutik","Skåne","Hästveda","OTTARP 2186, 282 76 Hästveda, Sverige",https://www.ottarpstorp.se/,"070-417 45 66","","[""annat""]",1,0,0,,free,0
"Petersborgs Gård","Skåne",Smedstorp,"Petersborgs Gård, 273 98 Smedstorp, Sverige",http://www.petersborg.se/,"070-658 98 54","","[""annat""]",1,0,0,,free,0
"REMMARLÖV GÅRDSBRYGGERI AB","Skåne","Remmarlöv","1501, 241 92 Remmarlöv, Sverige",http://remmarlov.se/,"0413-160 45","","[""öl""]",0,1,0,,free,0
"Rydebäcks Gårdsbutik","Skåne","Rydebäck","Nytorpsvägen 90, 257 30 Rydebäck, Sverige",http://www.gardsbutiken.se/,"042-22 11 29","","[""annat""]",1,0,0,,free,0
"Råbytorp Gårdsbutik","Skåne",Lund,"Dalbyvägen 90, 224 78 Lund, Sverige",https://www.rabytorp.se/,"046-14 09 53","","[""annat""]",1,0,0,,free,0
"Sigvard Månsgård & Gårdsbutik","Skåne","Åstorp","Ådalsvägen 112, 265 90 Åstorp, Sverige",http://sigvardmansgard.se/,"070-728 63 51","","[""annat""]",1,0,0,,free,0
"Sjögårdens Café vid Vombsjön","Skåne","Harlösa","SJÖGÅRDEN, 241 65 Harlösa, Sverige",https://www.facebook.com/sjogardenscafe/,"046-600 10","","[""annat""]",1,1,0,,free,0
"Skepparps Vingård","Skåne",Kivik,"Verkaåvägen 56, 277 37 Kivik, Sverige",http://www.skepparpsvingard.se/,"070-577 19 10","","[""vin""]",0,1,0,,free,0
"Skogslidens Gårdsbutik","Skåne",Tollarp,"Ilnestorpsvägen 115, 298 91 Tollarp, Sverige",https://skogslidensgardsbutik.se/,"070-991 78 75","","[""annat""]",1,0,0,,free,0
"Skogsträdgårdens växter","Skåne","Höör","Jularp 124, 243 93 Höör, Sverige",https://www.skogstradgardensvaxter.se/,"076-863 54 34","","[""grönsaker""]",0,0,0,,free,0
"Skottorps Mejeri","Skåne",Laholm,"Skot­torps Slott, 312 96 Laholm, Sverige",https://skottorpsmejeri.se/,"076-620 10 80","","[""mejeri""]",0,0,0,,free,0
"Skånehill Gård","Skåne",Kvidinge,"Östra Storgatan 99, 260 60 Kvidinge, Sverige",http://www.skanehill.se/,"070-856 96 37","","[""annat""]",1,0,0,,free,0
"Slottsmagnolian trädgårdsbutik AB","Skåne","Sjöbo","Harlösavägen 585-15, 275 94 Sjöbo, Sverige",http://slottsmagnolian.se/,"073-583 53 41","","[""grönsaker""]",1,0,0,,free,0
"Slottsträdgårdens Kafé","Skåne","Malmö","Malmöhusvägen 8, 211 18 Malmö, Sverige",http://www.slottstradgardenskafe.se/,"","","[""grönsaker""]",1,1,0,,free,0
"Slättarps gård","Skåne",Skegrie,"Slättarps Gård, 231 69 Skegrie, Sverige",http://www.slattarpsgard.se/,"","","[""annat""]",1,1,0,,free,0
"Snårestad Vingård","Skåne",Ystad,"Snårestad Lyckeväg 121, 271 93 Ystad, Sverige",http://snarestadvin.se/kontakt/,"070-412 88 33","","[""vin""]",0,1,0,,free,0
"Solåkra Gård","Skåne","Köinge","6903, 242 92 Köinge, Sverige",http://solakragard.se/,"073-844 27 09","","[""annat""]",1,0,0,,free,0
"Spendrups Bryggeri AB","Skåne",Lund,"Lundbygatan 14, 621 41 Visby, Sverige",https://www.spendrups.se/,"0498-21 96 55","","[""öl""]",0,1,0,,free,0
"Stora Berg Självplock, Kafé & pizzeria - Hallands Bär","Skåne",Getinge,"Stora BERG 110, 305 75 Getinge, Sverige",http://www.hallandsbar.se/,"073-252 17 40","","[""grönsaker"",""bär""]",1,0,0,,free,0
"Strömbecks Gårdsslakt & Chark","Skåne","Brösarp","ILLSTORP 904, 273 57 Brösarp, Sverige",http://www.strombecks.se/,"0417-261 28","","[""kött""]",0,0,0,,free,0
"Sunnantorps gård","Skåne",Stehag,"SUNNANTORP 2, 241 75 Stehag, Sverige",http://www.sunnantorpsgard.se/,"070-412 46 11","","[""annat""]",1,0,0,,free,0
"Sånnagården AB","Skåne",Kvidinge,"Sånna Byväg 35, 265 72 Kvidinge, Sverige",http://www.sannagarden.se/,"0435-204 50","","[""grönsaker""]",1,0,0,,free,0
"Sövde Musteri","Skåne","Sövde","Sövdeborgsvägen 36, 275 96 Sövde, Sverige",http://www.sovdemusteri.se/,"0416-160 01","","[""vin"",""grönsaker""]",1,0,0,,free,0
"Thora Vingård","Skåne","Båstad","Dalen 22, 269 95 Båstad, Sverige",http://www.thoravingard.com/,"0431-41 11 16","","[""vin""]",0,1,0,,free,0
"Tolånga 17 - gårdsbutik","Skåne","Sjöbo","Stora Tolångavägen 99-20, 275 92 Sjöbo, Sverige",http://www.tolanga17.se/,"0416-140 50","","[""annat""]",1,0,0,,free,0
"Tosterups Gård AB","Skåne",Tomelilla,"Tosterups Gård, 273 91 Tomelilla, Sverige",http://www.tosterup.se/,"070-930 82 76","","[""vin""]",0,1,0,,free,0
"Trädgårds Paletten AB","Skåne","Malmö","Stattenavägen 5, 215 66 Malmö, Sverige",https://www.tradgardspaletten.se/,"040-823 49","","[""grönsaker""]",0,0,0,,free,0
"Tunneberga Gästgifvargård AB","Skåne",Jonstorp,"Jonstorpsvägen 16, 263 71 Jonstorp, Sverige",http://www.tunneberga.se/,"042-36 74 82","","[""annat""]",1,1,0,,free,0
"Törnqvist Handelsträdgård","Skåne","Vinslöv","Vanneberga 3232, 288 90 Vinslöv, Sverige",http://tornblomman.se/,"044-851 51","","[""grönsaker""]",0,0,0,,free,0
"Varalövs Gårdsbutik","Skåne",Helsingborg,"Helsingborgsvägen 434, 262 96 Ängelholm, Sverige",http://www.varalovsgardsbutik.se/,"070-394 44 02","","[""grönsaker""]",1,0,0,,free,0
"Vareböke Bryggeri AB","Skåne","Älmhult","Vareböke 20, 343 94 Älmhult, Sverige",http://www.vareboke.se/,"","","[""öl""]",0,1,0,,free,0
"Vejby Vingård","Skåne",Vejbystrand,"Västra Ljungbyvägen 319, 266 51 Vejbystrand, Sverige",https://www.vejbyvingaard.com/,"070-772 92 59","","[""vin""]",0,1,0,,free,0
"Vellinge Bryggeri","Skåne",Vellinge,"Kompanigatan 18, 235 32 Vellinge, Sverige",https://www.vellingebryggeri.se/,"","","[""öl""]",0,1,0,,free,0
"Vingården i Klagshamn","Skåne",Klagshamn,"Möllevägen 31, 218 51 Klagshamn, Sverige",http://www.vingardeniklagshamn.se/,"","","[""vin""]",0,1,0,,free,0
"Västernäs Handelsträdgård AB","Skåne","Höör","Ekenäsvägen 34, 243 32 Höör, Sverige",http://www.vasternas.se/,"0413-200 45","","[""grönsaker""]",1,0,0,,free,0
"Ängavallens Gårdsbutik","Skåne",Vellinge,"Ängavallensväg 10-0, 235 91 Vellinge, Sverige",http://angavallen.se/,"040-42 32 50","","[""annat""]",1,0,0,,free,0
"Åbergs Handelsträdgård","Skåne",Ystad,"Karlshemsvägen 37, 271 98 Ystad, Sverige",https://www.abergshandelstradgard.se/,"073-404 01 49","","[""grönsaker""]",0,0,0,,free,0
"Åhus Bryggeri & Restaurang Åhus","Skåne","Åhus","Köpmannagatan 6, 296 31 Åhus, Sverige",http://www.ahusbryggeri.se/,"044-140 90 80","","[""öl""]",0,1,0,,free,0
"Åhus Vingård","Skåne","Åhus","Yngsjövägen 226, 296 91 Åhus, Sverige",https://ahusvingard.se/boka-rundtur/,"073-395 87 31","","[""vin""]",0,1,0,,free,0
"Åsgårds Gårdsbutik","Skåne",Lund,"ÅSGÅRD, 273 95 Onslunda, Sverige",http://www.asgard-holkestorp.com/,"076-233 26 20","","[""annat""]",1,0,0,,free,0
"Örnahusens Gårdsbutik","Skåne",Borrby,"Henrik Mårtens väg 4, 276 36 Borrby, Sverige",http://ornahusensgardsbutik.se/,"073-040 25 64","","[""annat""]",1,0,0,,free,0
"Östergårds grönsaker","Skåne","Vinslöv","Vinslöv 1181, 288 33 Vinslöv, Sverige","http://www.östergårdvinslöv.se/","070-838 41 32","","[""grönsaker""]",1,0,0,,free,0
"Österlens Vingårdspark Tygeå","Skåne","Löderup","Sandhammarvägen 253, 276 45 Löderup, Sverige",https://www.sandhammarvin.com/,"","","[""vin""]",0,1,0,,free,0
"Överstekvarn Chili Gotland","Skåne",Lund,"LUMMELUNDA LUMMELUNDSBRUK 102, 621 71 Visby, Sverige",http://www.overstekvarn.se/,"070-769 57 95","","[""annat""]",1,0,0,,free,0
"Bondens Marknad",Stockholm,Stockholm,"Skånegatan 70, 116 37 Stockholm, Sverige",http://bondensegen.com/,"","","[""annat""]",1,0,0,,free,0
"Brunnsvikens Trädgård & Café",Stockholm,Solna,"Ulriksdalsvägen 2, 170 79 Solna, Sverige",http://www.brunnsvikenstradgard.se/,"","","[""grönsaker""]",0,0,0,,free,0
"Bryggeriet Sportbar",Stockholm,Stockholm,"Odengatan 60, 113 22 Stockholm, Sverige",http://www.bryggerietbar.se/,"08-30 04 41","","[""öl""]",0,1,0,,free,0
"Bögs gård",Stockholm,Sollentuna,"MANHUSET, Bögs Gård, 191 62 Sollentuna, Sverige",http://www.bogsgard.se/,"08-35 01 34","","[""annat""]",1,0,0,,free,0
"Dahliaträdgården",Stockholm,Stockholm,"Enskede gårdsväg 14D, 120 47 Enskede Gård, Sverige",http://dahliaentusiasterna.se/,"","","[""grönsaker""]",0,0,0,,free,0
"Edsvikens musteri",Stockholm,Sollentuna,"Sollentunavägen 55, 191 40 Sollentuna, Sverige",http://www.edsvikensmusteri.se/,"073-639 02 23","","[""vin""]",0,1,0,,free,0
"Fias Bryggeri",Stockholm,Stockholm,,,,,[],0,0,0,,free,0
"GLHF Brewery Company AB",Stockholm,Stockholm,"Östermalmsgatan 5, 114 24 Stockholm, Sverige",http://www.glhf.beer/,"076-208 38 51","","[""öl""]",0,1,0,,free,0
"Gamla Enskede Bryggeri",Stockholm,Stockholm,"Bolidenvägen 8, 121 63 Johanneshov, Sverige",https://gamlaenskedebryggeri.se/,"070-229 87 15","","[""öl""]",0,1,0,,free,0
"Grävelsta Gård AB",Stockholm,Vallentuna,"Grävelsta 6, 186 92 Vallentuna, Sverige",http://www.gravelsta.se/,"070-855 69 35","","[""annat""]",1,0,0,,free,0
"Gröna Bigården i Vidja AB",Stockholm,Stockholm,"Grönfinksvägen 35, 123 52 Farsta, Sverige",http://gronabigarden.se/,"070-721 35 46","","[""honung""]",0,0,0,,free,0
"Gårdsbutik Gabis granna Grönsaker, kött och chark",Stockholm,"Norrtälje","Storbolsvägen 10, 762 96 Rånäs, Sverige",http://www.gabis.website/,"073-656 70 89","","[""kött"",""grönsaker""]",1,0,0,,free,0
"Gårdsmejeriet Sanda",Stockholm,Haninge,"Klockarlötsvägen 5, 137 95 Österhaninge, Sverige",http://gardsmejerietsanda.se/,"070-729 58 38","","[""mejeri""]",1,0,0,,free,0
"Gårdssällskapet",Stockholm,Sundbyberg,"Stationsgatan 6C, 172 68 Sundbyberg, Sverige",http://www.gardssallskapet.se/,"077-533 30 77","","[""annat""]",1,0,0,,free,0
"Herbarium_ Rosendals Trädgård restaurang & trädgårdsbar",Stockholm,Stockholm,"Rosendalsterrassen 12, 115 21 Stockholm, Sverige",https://www.rosendalstradgard.se/,"08-545 812 70","","[""grönsaker""]",1,1,0,,free,0
"Herrängens Gård",Stockholm,Stockholm,"Segeltorpsvägen 49-51, 125 53 Älvsjö, Sverige",http://www.herrangensgard.se/,"08-646 38 03","","[""annat""]",1,0,0,,free,0
"Hufvudsta Gård Boutique House | Konferens Stockholm | Matlagningskurs | Restaurang",Stockholm,Solna,"Hufvudsta Gård, 171 73 Solna, Sverige",http://www.hufvudstagard.se/,"08-446 64 30","","[""annat""]",1,0,0,,free,0
"Högberga Vinfabrik",Stockholm,"Lidingö","Höguddsvägen 28, 181 62 Lidingö, Sverige",http://www.vinfabrik.se/,"070-649 39 70","","[""vin""]",0,1,0,,free,0
"Kanaans Trädgårdscafé",Stockholm,Stockholm,"Kanaans väg 83, 168 44 Bromma, Sverige",https://kanaans.se/,"","","[""grönsaker""]",1,1,0,,free,0
"Kvarnnibble Butik och Musteri",Stockholm,Upplands-Bro,"Karltomtavägen 2, 197 93 Bro, Sverige",http://www.kvarnnibble.se/,"073-321 08 15","","[""vin""]",1,0,0,,free,0
"Lidingö Musteri & Fiket",Stockholm,"Lidingö","Grönsta Prästgård 8, 181 46 Lidingö, Sverige",http://www.lidingomusteri.se/,"","","[""vin""]",0,1,0,,free,0
"Lovö Prästgård",Stockholm,"Ekerö","Lovön, 178 93 Drottningholm, Sverige",http://lovoprastgard.se/,"","","[""annat""]",1,0,0,,free,0
"Macken Bryggeri",Stockholm,Solna,"Gustafsvägen 9, 169 58 Solna, Sverige",http://mackenbryggeri.se/,"","","[""öl""]",0,1,0,,free,0
"Malma Gård AB",Stockholm,"Värmdö","Malmavägen 1, 139 60 Värmdö, Sverige",http://www.malma-gard.se/,"070-371 36 00","","[""annat""]",1,0,0,,free,0
"Nacka Bryggeri",Stockholm,Nacka,"Brantvägen 3, 133 42 Saltsjöbaden, Sverige",http://www.nackabryggeri.se/,"070-493 19 32","","[""öl""]",0,1,0,,free,0
"Nibble Trädgård och Gårdsbutik",Stockholm,"Södertälje","Nibble 12, 153 91 Järna, Sverige",https://www.nibblehandelstradgard.se/,"","","[""grönsaker""]",1,0,0,,free,0
"Nora gård- loppis, café & gårdsbutik",Stockholm,"Värmdö","Noravägen 17, 139 56 Värmdö, Sverige",https://www.facebook.com/gardsloppisenpanoragard/,"073-735 11 11","","[""annat""]",1,0,0,,free,0
"Nya Carnegiebryggeriet",Stockholm,Stockholm,"Ljusslingan 15-17, 120 64 Stockholm, Sverige",https://www.nyacarnegiebryggeriet.se/,"070-219 81 55","","[""öl""]",0,1,0,,free,0
"Orchis - Gårdsbutiken i Stan",Stockholm,Stockholm,"Hälsingegatan 7, 113 23 Stockholm, Sverige",http://www.orchis.se/,"08-31 04 50","","[""annat""]",1,0,0,,free,0
"PKLK Bryggeri",Stockholm,Stockholms,"Fraktflygargatan 2, 128 30 Skarpnäck, Sverige",http://www.pklkbryggeri.se/,"070-617 72 62","","[""öl""]",0,1,0,,free,0
"PangPang Brewery Hökarängen - Endast Sommaröppet - Hornstull öppet året runt!",Stockholm,Stockholm,"Stadsbudsvägen 1, 123 58 Farsta, Sverige",https://www.pangpangbrewery.se/,"","","[""öl""]",0,1,0,,free,0
"Proviant Humlegården",Stockholm,Stockholm,"Humlegårdsgatan 26, 102 41 Stockholm, Sverige",https://www.provianthumlegarden.se/,"","","[""annat""]",0,0,0,,free,0
"Resta Gårdsbutik",Stockholm,Stockholm,"Västerlånggatan 53, 111 29 Stockholm, Sverige",http://restagard.se/,"","","[""annat""]",1,0,0,,free,0
"Resta gård",Stockholm,"Enköping","NYSÄTRA RESTA GÅRD 13, 749 63 Örsundsbro, Sverige",http://www.restagard.se/,"0171-46 62 80","","[""annat""]",1,0,0,,free,0
"Rosendals Trädgård",Stockholm,Stockholm,"Rosendalsterrassen 12, 115 21 Stockholm, Sverige",http://www.rosendalstradgard.se/,"","","[""grönsaker""]",1,0,0,,free,0
"Rosendals Trädgårdskafé",Stockholm,Stockholm,"Rosendalsterrassen 12, 115 21 Stockholm, Sverige",https://www.rosendalstradgard.se/,"","","[""grönsaker""]",1,1,0,,free,0
"Rosenhills Trädgård och Musteri",Stockholm,"Ekerö","Nyckelbyvägen 22, 178 90 Ekerö, Sverige",http://www.rosenhill.nu/,"","","[""vin"",""grönsaker""]",1,0,0,,free,0
"Roslagens Musteri AB",Stockholm,"Österåker","Stationsvägen 26, 184 50 Åkersberga, Sverige",http://www.roslagensmusteri.se/,"073-319 74 07","","[""vin""]",0,1,0,,free,0
"SV Gårdskök",Stockholm,Stockholm,"Sturegatan 62, 114 36 Stockholm, Sverige",http://www.svgardskok.se/,"08-661 20 50","","[""annat""]",1,1,0,,free,0
"Skillebyholms Gårdsbutik",Stockholm,"Södertälje","Skillebyholm, 153 91 Järna, Sverige",https://www.skillebyholm.com/g%C3%A5rdsbutik-38534704,"08-551 571 96","","[""annat""]",1,0,0,,free,0
"Smakverkstan Bryggeri",Stockholm,Stockholm,"Rimmargatan 16, 167 71 Bromma, Sverige",https://www.smakverkstan.se/,"070-999 84 70","","[""öl""]",0,1,0,,free,0
"Smisken Brewery",Stockholm,Stockholm,"Bokhållarvägen 19, 123 54 Farsta, Sverige",https://www.smiskenbrewery.se/,"070-520 24 76","","[""annat""]",0,0,0,,free,0
"Stegsholms gård",Stockholm,Haninge,"Gålövägen 26, 137 96 Gålö, Sverige",http://www.stegsholmsgard.se/,"070-237 89 36","","[""annat""]",1,0,0,,free,0
"Stiftelsen Rosendals Trädgård",Stockholm,Stockholm,"Rosendalsterrassen 12, 115 21 Stockholm, Sverige",https://www.rosendalstradgard.se/,"","","[""grönsaker""]",1,1,0,,free,0
"Säby Gård, Ingarö",Stockholm,"Värmdö","Säby Gård, Mickes Lantbruksentreprenad AB, Säby Gårdsprodukter AB, Lilla Barnviksvägen, 134 65 Ingarö, Sverige",http://www.sabygardingaro.se/,"070-579 77 44","","[""annat""]",1,0,0,,free,0
"Thorslunda självplock",Stockholm,Sundbybergs,"Torslunda gårdsväg, 179 96 Svartsjö, Sverige",http://www.thorslunda.se/,"","","[""grönsaker""]",1,0,0,,free,0
"Trädgård på spåret",Stockholm,Stockholm,"118 60 Stockholm, Sverige",http://www.pasparet.org/,"","","[""grönsaker""]",0,0,0,,free,0
"Tullinge musteri",Stockholm,Botkyrka,"Rålambsvägen 3, 146 38 Tullinge, Sverige",http://www.tullingemusteri.se/,"070-638 74 82","","[""vin""]",0,1,0,,free,0
"Villa Berglidens Äppelmusteri",Stockholm,Haninge,"Norrbyvägen 88, 136 73 Vendelsö, Sverige",https://vbappelmusteri.se/,"070-070 06 84","","[""vin""]",0,1,0,,free,0
"Viltverket @ Resta Gårdsbutik",Stockholm,Stockholm,"Västerlånggatan 53, 111 29 Stockholm, Sverige",https://www.viltverket.se/,"","","[""kött""]",1,0,0,,free,0
"Väddö Gårdsmejeri - Gårdsbutik & Café",Stockholm,"Norrtälje","Hammarbyvägen 34, 764 91 Väddö, Sverige",http://www.vaddogardsmejeri.se/,"0176-501 03","","[""mejeri""]",1,0,0,,free,0
"Värmdö Musteri AB",Stockholm,"Värmdö","Leveransvägen 15, 134 39 Gustavsberg, Sverige",http://www.varmdomusteri.se/,"070-857 12 00","","[""vin""]",0,1,0,,free,0
"Wild@Eating Krog, gårdsbutik och Catering",Stockholm,Stockholms,"Riksrådsvägen 21, 128 38 Skarpnäck, Sverige",http://www.wildatnature.se/,"076-526 48 54","","[""annat""]",1,0,0,,free,0
"Wolraths Bryggeri",Stockholm,Sundbyberg,"Tulegatan 58A, 172 72 Sundbyberg, Sverige",https://www.wolrathsbryggeri.com/,"","","[""öl""]",0,1,0,,free,0
"Ängsgläntans Gårdsbutik",Stockholm,Stockholm,"Nordenflychtsvägen 87, 112 16 Stockholm, Sverige",https://www.angsglantan.se/,"070-686 84 64","","[""annat""]",1,0,0,,free,0
"Ågesta Gårdscafe",Stockholm,Stockholm,"Vidjavägen 9, 123 52 Farsta, Sverige",https://agestaridskola.se/gardscafe-och-butik/,"08-94 15 61","","[""annat""]",1,1,0,,free,0
"Ölkemi Bryggeri",Stockholm,Stockholm,"Rutger Fuchsgatan 5, 116 67 Stockholm, Sverige",https://olkemi.se/,"","","[""öl""]",0,1,0,,free,0
"Österby Gårdsbutik",Stockholm,Sigtuna,"Vassundavägen 243, 193 91 Sigtuna, Sverige",http://www.osterbygard.se/,"073-599 68 28","","[""annat""]",1,0,0,,free,0
"Arkadien Mat & trädgård","Södermanland",Gnesta,"Hällesta Erikslund, 646 92 Gnesta, Sverige",https://www.arkadien.co/,"076-865 65 20","","[""grönsaker""]",1,1,0,,free,0
"BLACKSTA GÅRDSBUTIK","Södermanland",Flen,"STORBERG, BLACKSTABY, 642 95 Flen, Sverige",http://www.blackstavingard.se/,"070-279 62 20","","[""annat""]",1,0,0,,free,0
"Bergs Gård Gårdsbutik","Södermanland",Trosa,"Bergs Gård Stora Huset 1, 619 95 Västerljung, Sverige",https://www.bergsgard.se/gardsbutik/,"","","[""annat""]",1,0,0,,free,0
"Bergs Gård MTB Arena","Södermanland",Trosa,"Bergs Gård, 619 95 Västerljung, Sverige",https://www.bergsgard.se/,"","","[""annat""]",1,1,0,,free,0
"Bergs Gård Veras Café","Södermanland",Trosa,"Bergs Gård MTB Arena, 619 95 Västerljung, Sverige",https://www.bergsgard.se/,"","","[""annat""]",1,1,0,,free,0
"Björkeby Musteri","Södermanland",Mariefred,"Mariefred, Björkeby Gård, 647 91 Mariefred, Sverige",http://bjorkebymusteri.se/,"070-150 78 54","","[""vin""]",1,0,0,,free,0
"Blacksta Vingård","Södermanland",Flen,"Blackstaby 1, 642 95 Flen, Sverige",https://blackstavingard.se/,"070-279 62 20","","[""vin""]",0,1,0,,free,0
"Bryggeri Stenstugan","Södermanland","Nyköpings","LYCKAN, STENSTUGAN, 611 96 Jönåker, Sverige",https://bryggeristenstugan.se/,"073-037 92 99","","[""öl""]",0,1,0,,free,0
"Bryggeriet Bar & bistro","Södermanland",Flen,"Sparreholmsvägen 33 B, 642 91 Flen, Sverige",https://allatidersskebo.se/sidor/bryggerietbarobistro,"0157-300 00","","[""öl""]",0,1,0,,free,0
"Båltsnäs gård","Södermanland",Katrineholm,"Katrineholm Båltsnäs 3, 641 92 Katrineholm, Sverige",http://www.viltogardsprodukter.se/,"070-885 11 73","","[""annat""]",1,0,0,,free,0
"Café Grassagården","Södermanland","Strängnäs","Kvarngatan 2, 645 30 Strängnäs, Sverige",http://www.cafe-grassagarden.se/,"073-744 86 02","","[""annat""]",1,1,0,,free,0
"Café Tingsgården","Södermanland",Eskilstuna,"Rådhustorget 2, 633 40 Eskilstuna, Sverige",https://m.facebook.com/cafetingsgarden/?locale2=sv_SE,"016-14 20 70","","[""annat""]",1,1,0,,free,0
"Ekenäs Trädgård AB","Södermanland",Flen,"Ekenäs Trädgård, 642 95 Flen, Sverige",http://ekenastradgard.se/,"070-664 42 20","","[""grönsaker""]",1,0,0,,free,0
"Granerfeldts Trädgårdscenter","Södermanland",Eskilstuna,"Ostra 12, 635 08 Eskilstuna, Sverige",http://www.granerfeldt.se/,"073-071 70 08","","[""grönsaker""]",1,0,0,,free,0
"Gårdshuset Selaön AB","Södermanland","Strängnäs","Tomta, 645 97 Stallarholmen, Sverige",https://www.gardshusetab.se/,"070-533 40 34","","[""annat""]",1,1,0,,free,0
"Gårdshuset på Äleby","Södermanland","Strängnäs","Äleby gård, 645 97 Stallarholmen, Sverige",https://www.aleby.com/gardshuset-pa-aleby/,"070-533 40 34","","[""annat""]",1,1,0,,free,0
"Hornuddens trädgård","Södermanland","Strängnäs","Aspö Hornudden 1, 645 93 Strängnäs, Sverige",http://www.hornudden.net/,"0152-326 18","","[""grönsaker""]",1,0,0,,free,0
"Högtorp gårdsbutik","Södermanland",Flens,"Annebergsvägen 2, 648 31 Hälleforsnäs, Sverige",http://www.hogtorp.se/,"070-577 22 08","","[""annat""]",1,0,0,,free,0
"Ingvaldstorps Trädgård","Södermanland",Katrineholm,"Ingvallstorp 1, 641 93 Katrineholm, Sverige",http://www.ingvaldstorp.se/,"0150-320 02","","[""grönsaker""]",1,0,0,,free,0
"Julita Gård","Södermanland",Katrineholms,"42XV+79, Julita gård, 643 98 Julita, Sverige",https://www.julitagard.se/,"08-519 545 50","","[""annat""]",1,1,0,,free,0
"Järna Musteri","Södermanland","Södertälje","KOPPARTORP 12, 153 95 Järna, Sverige",http://www.jarnamusteri.se/,"076-941 57 10","","[""vin""]",0,1,0,,free,0
"Jürss Mejeri","Södermanland",Flens,"Gjutmästarbacken 1, 648 31 Hälleforsnäs, Sverige",https://jurssmejeri.se/,"0157-141 10","","[""mejeri""]",0,0,0,,free,0
"Kilfröslunda gård","Södermanland","Strängnäs","Kilfröslunda 5, 645 96 Stallarholmen, Sverige",https://www.facebook.com/people/Kilfr%C3%B6slunda-g%C3%A5rd/100052005942866/,"070-260 68 46","","[""annat""]",1,0,0,,free,0
"Krogstorps gård","Södermanland",Gnesta,"Krogstorp 2, 646 94 Björnlunda, Sverige",http://www.krogstorp.se/,"","","[""annat""]",1,0,0,,free,0
"Kungsbergs gård AB","Södermanland","Strängnäs","Kungsberg, 645 92 Strängnäs, Sverige",https://www.facebook.com/share/1BgccXUXP4/,"072-366 74 96","","[""annat""]",1,0,0,,free,0
"Kvillinge Gårdsbutik","Södermanland","Norrköpings","Kvillinge prästgård 3, 616 34 Åby, Sverige",http://www.kvillingegardsbutik.se/,"070-048 56 51","","[""annat""]",1,0,0,,free,0
"Lida gård","Södermanland",Flen,"LIDA GÅRD, STENHAMMAR, 642 92 Flen, Sverige",http://www.lidagardflen.se/,"0157-76 83 51","","[""annat""]",1,0,0,,free,0
"Lindgårdens bigårdar","Södermanland","Nyköpings","Lindvägen 4, 611 74 Tystberga, Sverige",https://www.aastromberg.se/,"0155-22 35 50","","[""honung""]",1,0,0,,free,0
"Lindholms Gård","Södermanland",Eskilstuna,"635 04 Eskilstuna, Sverige",https://www.lindholmsgard.com/,"070-825 03 81","","[""annat""]",1,0,0,,free,0
"Lista - Åsby Gård","Södermanland",Eskilstuna,"Lista-Åsby Gård 2, 635 14 Eskilstuna, Sverige",https://lindaschilen.se/asby-gard/,"070-412 02 80","","[""annat""]",1,0,0,,free,0
"Lövnäs Bryggeri","Södermanland","Södertälje","Lövnäs, 153 93 Mörkö, Sverige",http://www.lovnasbryggeri.se/,"070-412 42 83","","[""öl""]",0,1,0,,free,0
"Morrarö odlingar & nöjen","Södermanland","Strängnäs","MORRARÖ 2, 645 93 Strängnäs, Sverige",http://www.morraro.se/,"070-444 31 52","","[""grönsaker""]",1,0,0,,free,0
"Möllys Bryggeri","Södermanland",Eskilstuna,"Klostergatan 15, 633 52 Eskilstuna, Sverige",https://mollyscraftbeer.se/,"","","[""öl""]",0,0,0,,free,0
"Nornir Brewery AB","Södermanland",Eskilstuna,"Kungsgatan 20, 632 18 Eskilstuna, Sverige",https://nornirbrewery.se/,"016-544 05 75","","[""öl""]",0,1,0,,free,0
"Schweizeri Callanderska Gården - Mariefreds trädgårdscafé","Södermanland",Mariefred,"Kyrkogatan 1, 647 30 Mariefred, Sverige",https://callanderska.se/,"0159-347 50","","[""grönsaker""]",1,1,0,,free,0
"Sjöholms Gård","Södermanland",Katrineholm,"641 94 Katrineholm, Sverige",https://sjoholmsgard.se/,"070-718 00 31","","[""annat""]",1,0,0,,free,0
"Skirfalls jordgubbsodling","Södermanland",Eskilstuna,"Skirfalls gård 4, 635 19 Eskilstuna, Sverige",http://www.skirfallsjordgubbsodling.se/,"","","[""grönsaker"",""bär""]",1,0,0,,free,0
"Smakgården","Södermanland",Flens,"Annebergsvägen 2, 648 31 Hälleforsnäs, Sverige",http://www.smakgarden.se/,"0157-74 04 48","","[""annat""]",1,0,0,,free,0
"Smedjans trädgård - Handelsträdgård i Mariefred","Södermanland",Mariefred,"Smedjans trädgård, 647 31 Mariefred, Sverige",http://www.smedjanstradgard.se/,"0159-101 09","","[""grönsaker""]",1,0,0,,free,0
"Solby gård","Södermanland",Eskilstuna,"SOLBY GÅRD 1, 635 09 Eskilstuna, Sverige",https://www.solbygard.se/,"073-773 90 84","","[""annat""]",1,0,0,,free,0
"Stjärnhovs kaningård","Södermanland",Gnesta,"HAGALUND 1, 646 51 Stjärnhov, Sverige",http://stjarnhov-kanin.se/,"070-221 61 46","","[""annat""]",1,0,0,,free,0
"Stora Sundby Gårdsbutik","Södermanland",Eskilstuna,"Gård, 635 35 Stora Sundby, Sverige",http://www.storasundby.com/,"","","[""annat""]",1,0,0,,free,0
"Sörbro gård","Södermanland","Södertälje","SÖRBRO 4, 153 96 Mölnbo, Sverige",https://sorbrogard.com/,"","","[""mejeri""]",0,0,0,,free,0
"Taxinge Bryggeri","Södermanland",Nykvarns,"NÄSBY 32, 155 93 Nykvarn, Sverige",http://taxingebryggeri.nu/,"076-803 27 45","","[""öl""]",0,1,0,,free,0
"Tolfta Gård","Södermanland",Katrineholms,"Tolfta Gustavsvik 4, 641 62 Valla, Sverige",http://www.tolftagard.se/,"070-765 38 46","","[""annat""]",1,0,0,,free,0
"Wappersta Gård Vagnhärad","Södermanland",Trosa,"Vappersta, 619 94 Vappersta, Sverige",http://wappersta.se/,"","","[""annat""]",1,0,0,,free,0
"Warbro Kvarn AB","Södermanland",Katrineholms,"Linds Gård 1, 641 99 Sköldinge, Sverige",http://www.warbrokvarn.se/,"073-034 39 88","","[""annat""]",1,0,0,,free,0
"Äppelblommans Musteri","Södermanland","Södertälje","Jursta 8, 151 96 Enhörna, Sverige",http://www.appelblomman.se/,"070-635 65 18","","[""vin""]",0,0,0,,free,0
"Öija gårdsbutik","Södermanland",Katrineholm,"Gård, 641 93 Katrineholm, Sverige",https://www.facebook.com/Oijagardsbutik/,"070-548 00 83","","[""annat""]",1,0,0,,free,0
"Öja Gård","Södermanland",Eskilstuna,"ÖJA GÅRD 1, 635 35 Stora Sundby, Sverige",http://ojagard.se/,"","","[""annat""]",1,0,0,,free,0
"Alsike trädgård",Uppsala,Knivsta,"prästgård, 741 92 Knivsta, Sverige",http://www.alsiketradgard.se/,"070-045 37 80","","[""grönsaker""]",1,0,0,,free,0
"Breds Vreta gård",Uppsala,"Enköping","BREDS-VRETA 2, 745 95 Enköping, Sverige",http://www.vreta-gard.se/,"070-683 36 03","","[""annat""]",1,0,0,,free,0
"Broby Gård Vintage, inredning och café, galleri",Uppsala,"Enköping","TILLINGE-BROBY GÅRD 2, 745 94 Enköping, Sverige",http://www.brobygard.se/,"076-195 00 71","","[""annat""]",1,1,0,,free,0
"Bryggeriet Ångkvarn",Uppsala,Uppsala,"Östra Ågatan 59, 753 22 Uppsala, Sverige",http://bryggerietangkvarn.se/,"018-418 02 00","","[""öl""]",0,1,0,,free,0
"Ekbolanda gård",Uppsala,Uppsala,"Ekbolanda Gård 15, 755 78 Vänge, Sverige",https://www.facebook.com/Ekbolanda,"070-343 82 68","","[""annat""]",1,0,0,,free,0
"Fredrikslunds Gård AB",Uppsala,Uppsala,"FREDRIKSLUND, 755 98 Uppsala, Sverige",http://www.fredrikslund.se/,"018-38 31 45","","[""annat""]",1,0,0,,free,0
"Fredrikslunds Gårdsbutik",Uppsala,Uppsala,"Fredrikslund, 741 76 Uppsala, Sverige",https://www.fredrikslund.se/,"018-38 30 55","","[""annat""]",1,0,0,,free,0
"Granum Musteri",Uppsala,Uppsala,"Gräna 6, 755 91 Uppsala, Sverige",http://www.granummusteri.se/,"073-360 45 65","","[""vin""]",1,0,0,,free,0
"Gullinbursti Lantbruk",Uppsala,"Östhammars","Syding Ösby 111, 747 91 Alunda, Sverige",http://www.gullinbursti.se/,"076-315 52 86","","[""annat""]",1,0,0,,free,0
"Hagby gård",Uppsala,Uppsala,"741 97 Almunge, Sverige",http://hagbygard.se/,"070-568 08 50","","[""annat""]",1,0,0,,free,0
"Hagby gård gårdsbutik",Uppsala,Uppsala,"741 97 Almunge, Sverige",http://www.hagbygard.se/,"070-568 08 50","","[""annat""]",1,0,0,,free,0
"Karby Trädgård",Uppsala,Uppsala,"Karby 17, 741 78 Uppsala, Sverige",https://www.karbytradgard.se/,"076-632 23 27","","[""grönsaker""]",0,0,0,,free,0
"Kesuddens Hantverksbryggeri",Uppsala,"Enköping","Ågatan 15 c, 749 35 Enköping, Sverige",http://www.kesuddens.se/,"070-260 08 60","","[""öl""]",0,1,0,,free,0
"Kvarngärdets Odlarförening",Uppsala,Uppsala,"Höganäsgatan, 753 30 Uppsala, Sverige",http://kvarngardetodlarna.se/,"","","[""grönsaker""]",0,0,0,,free,0
"Miklagård",Uppsala,Uppsala,"Årstagatan 6, 754 34 Uppsala, Sverige",http://www.miklagarduppsala.se/,"018-50 88 00","","[""annat""]",1,1,0,,free,0
"Ramsjö gårdsprodukter",Uppsala,Uppsala,"Ramsjö backe 105, 743 63 Björklinge, Sverige",https://ramsjogardsprodukter.weebly.com/,"","","[""annat""]",1,0,0,,free,0
"Resta gårdsbutik",Uppsala,"Enköping","Nysätra resta Gård 13, 749 63 Örsundsbro, Sverige",http://restagard.se/,"072-221 13 01","","[""annat""]",1,0,0,,free,0
"Rö Gårdsmejeri",Uppsala,"Norrtälje","Stuterivägen 21, 762 93 Rö, Sverige",https://www.rogardsmejeri.se/,"","","[""mejeri""]",0,0,0,,free,0
"Sörgården grönt",Uppsala,"Enköpings","TORSTUNA TIBBLE 2, 749 72 Fjärdhundra, Sverige",http://www.sorgardengront.se/,"070-590 93 57","","[""annat""]",1,0,0,,free,0
"Ulvagubben Självplock",Uppsala,Uppsala,"Ulva kvarn, 755 93 Uppsala, Sverige",http://www.ulvagubben.se/,"","","[""grönsaker""]",1,0,0,,free,0
"Väsbylund Byggnadsvård Gårdsbutik",Uppsala,Uppsala,"BÄLINGE-VÄSBY 6, 743 86 Bälinge, Sverige",http://vasbylund.se/,"073-344 96 77","","[""annat""]",1,0,0,,free,0
"Änga Gård",Uppsala,Heby,"Luffarvägen 1, 744 32 Heby, Sverige",https://www.angagard.com/,"070-668 57 15","","[""annat""]",1,0,0,,free,0
"Ängsholmens Gårdsmejeri",Uppsala,Heby,"Floberga 915, 740 47 Harbo, Sverige",http://www.angsholmensgardsmejeri.se/,"073-089 17 28","","[""mejeri""]",0,0,0,,free,0
"Åby Gård",Uppsala,Knivsta,"Husby-åby Åby Gård 214, 741 95 Knivsta, Sverige",http://www.abygard.se/,"018-38 81 23","","[""annat""]",1,0,0,,free,0
"Alliaria Bryggeri","Västmanland","Västerås","Norra Källgatan 21, 722 11 Västerås, Sverige",http://www.alliaria.se/,"","","[""öl""]",0,1,0,,free,0
"Barkarö Handelsträdgård AB","Västmanland","Västerås","BARKARÖ TRÄDGÅRD 3, 725 91 Västerås, Sverige",https://www.barkarotradgard.se/,"021-520 19","","[""grönsaker""]",0,0,0,,free,0
"Bergs Äppelgård, Köpings Musteri AB, Hallstahammar","Västmanland",Hallstahammar,"Vänstavägen, Sväng mot Kolbäck vid Bergs Kyrka., 400 meter efter kyrkan ligger odlingen på vänster hand, 734 91 Hallstahammar, Sverige",http://www.kopingsmusteri.se/,"073-982 88 37","","[""vin""]",1,0,0,,free,0
"Bryggeri Portvakten","Västmanland","Västerås","Källgatan 14, 722 11 Västerås, Sverige",http://bryggeriportvakten.se/,"073-920 03 35","","[""öl""]",0,0,0,,free,0
"Gröna Hagars Kött, Uppfödning och Gårdsbutik","Västmanland",Sala,"FALLÄNGE 106, 775 96 Krylbo, Sverige",http://www.gronahagarskott.se/,"070-560 82 25","","[""kött""]",1,0,0,,free,0
"Gårdsbutiken i Smedby","Västmanland",Arboga,"Smedby 326, 732 96 Arboga, Sverige",http://www.gardsbutikenismedby.se/,"","","[""annat""]",1,0,0,,free,0
Hantverksbryggeriet,"Västmanland","Västerås","Flottiljgatan 59, 721 31 Västerås, Sverige",http://www.hantverksbryggeriet.se/,"073-820 01 66","","[""öl""]",0,1,0,,free,0
"Hebo Trädgård","Västmanland",Sala,"Hebo 102, 733 95 Sala, Sverige",http://hebotradgard.se/,"073-907 39 17","","[""grönsaker""]",1,0,0,,free,0
"Hällby Gård vid Hjälmare kanal","Västmanland",Arboga,"Hällby 289, 732 94 Arboga, Sverige",https://www.hallbygardvidhjalmarekanal.se/,"070-245 99 50","","[""annat""]",1,0,0,,free,0
"Jädersbruks eko herrgård butik & café","Västmanland",Arboga,"jädersbruks herrgård 1, 732 96 Arboga, Sverige",https://jadersbruk.se/,"0589-144 00","","[""annat""]",1,1,0,,free,0
"Kärrbo Prästgård","Västmanland","Västerås","Kärrbo Prästgård 6, 725 97 Västerås, Sverige",http://www.karrboprastgard.se/,"070-345 71 32","","[""annat""]",1,0,0,,free,0
"Munktorps kvarn","Västmanland","Köping","MUNKTORPS-VALLBY 3, 731 92 Köping, Sverige",http://munktorpskvarn.se/,"070-665 20 34","","[""annat""]",1,0,0,,free,0
"Mälby trädgård","Västmanland","Enköpings","FRÖSTHULTS-MÄLBY 3, 749 71 Fjärdhundra, Sverige",https://malbytradgard.se/,"070-760 81 13","","[""grönsaker""]",1,0,0,,free,0
"Nibble Gårdsgris","Västmanland","Västerås","Tillberga Nibble 2, 725 95 Västerås, Sverige",http://www.nibble.se/,"070-519 17 04","","[""kött""]",1,0,0,,free,0
"Nybynäs Gård","Västmanland","Västerås","KÄRRBO NYBY 1, 725 97 Västerås, Sverige",https://www.nybynasgard.se/,"","","[""annat""]",1,1,0,,free,0
"Restaurang Falkenbergska Kvarnen","Västmanland","Västerås","Skultunavägen 1, 722 17 Västerås, Sverige",http://www.falkenbergska.se/,"021-38 26 26","","[""annat""]",1,1,0,,free,0
"Slottskällans Bryggeri","Västmanland","Västerås","Munkbovägen 5, 721 32 Västerås, Sverige",https://www.slottskallan.se/,"","","[""öl""]",0,1,0,,free,0
"Stenslunds Gård","Västmanland",Hallstahammars,"Gränby 9, 734 93 Kolbäck, Sverige",http://www.stenslundsgard.com/,"073-995 42 94","","[""annat""]",1,0,0,,free,0
"Stora Ekeby Säteri Gårdsbutiken Mangelboden","Västmanland","Västerås","Stora Ekeby 1, 725 92 Västerås, Sverige",http://www.storaekeby.se/,"070-368 30 51","","[""annat""]",1,0,0,,free,0
"Strömsholms honung","Västmanland","Köping","MUNKTORPS-EKEBY 7, 731 91 Köping, Sverige",https://stromsholmshonung.se/,"070-586 39 01","","[""honung""]",1,0,0,,free,0
"Systrarna På Gaggeska Gården","Västmanland","Västerås","Skerikesvägen 2, 724 80 Västerås, Sverige",http://systrarnapagaggeskagarden.se/,"021-35 75 36","","[""annat""]",1,1,0,,free,0
"Sörgården Måla","Västmanland",Arboga,"MÅLA 404, 732 92 Arboga, Sverige",http://www.sorgardenmala.se/,"070-549 85 87","","[""annat""]",1,0,0,,free,0
"Timmelsta honung","Västmanland","Västerås","Timmelsta 2, 725 92 Västerås, Sverige",https://www.timmelstahonung.se/,"073-048 92 39","","[""honung""]",1,0,0,,free,0
"Travarbo Gårdsbutik & Vilt","Västmanland",Arboga,"Tveta Travarbo 683, 732 96 Arboga, Sverige",http://travarbo.se/,"070-574 30 58","","[""kött""]",1,0,0,,free,0
"Tvetalund lantbruk","Västmanland","Köping","TVETA 5, 731 96 Köping, Sverige",http://facebook.com/tvetalundlantbruk/,"070-268 35 68","","[""annat""]",1,0,0,,free,0
"Tängsta gård","Västmanland","Köping","TÄNGSTA 1, 731 93 Köping, Sverige","http://www.tängstagård.se/","073-618 75 90","","[""annat""]",1,1,0,,free,0
"Vigelshus gårdsbutik","Västmanland",Sala,"VIGELSHUS 105, 733 93 Sala, Sverige",https://www.vigelshus-gard.se/,"070-799 45 08","","[""annat""]",1,0,0,,free,0
"Wiborgs Gårdsbutik / Kolsva Lantbruk","Västmanland","Köpings","Herrgårdsallén 14, 731 13 Kolsva, Sverige",https://kolsvalantbruk.se/,"072-705 09 01","","[""annat""]",1,0,0,,free,0
"Åsby Hem & Trädgård","Västmanland",Hallstahammar,"Åsby 7, 734 91 Hallstahammar, Sverige",http://asby.nu/,"0220-238 30","","[""grönsaker""]",1,1,0,,free,0
"Åskebro Gård Butik&Café","Västmanland",Hallstahammars,"Åskebro 6, 734 93 Kolbäck, Sverige",http://www.askebrogard.se/,"076-020 39 09","","[""annat""]",1,0,0,,free,0
